{
    "conv1": {
        "type": "Conv2d",
        "parameters": {
            "in_channels": 1,
            "out_channels": 64,
            "kernel_size": [
                3,
                3
            ],
            "stride": [
                1,
                1
            ],
            "padding": [
                1,
                1
            ],
            "dilation": [
                1,
                1
            ],
            "groups": 1,
            "bias": [
                -0.32552069425582886,
                -0.22923868894577026,
                -0.07618740946054459,
                0.0697900652885437,
                -0.1946667581796646,
                -0.015698377043008804,
                -0.2245474010705948,
                0.03489501029253006,
                -0.006680409889668226,
                0.01865677535533905,
                -0.09777248650789261,
                0.06867663562297821,
                -0.01396732684224844,
                0.20389403402805328,
                0.026936247944831848,
                0.0014162604929879308,
                -0.09615244716405869,
                -0.18862950801849365,
                0.0739889144897461,
                -0.18885892629623413,
                -0.1582556962966919,
                -0.15720467269420624,
                0.2248663604259491,
                -0.014078201726078987,
                0.15651674568653107,
                -0.20838181674480438,
                -0.25969022512435913,
                0.054071955382823944,
                0.1512281894683838,
                -0.10862547159194946,
                -0.2546621859073639,
                -0.030263183638453484,
                -0.28537020087242126,
                -0.034034617245197296,
                -0.23638035356998444,
                -0.02689911425113678,
                -0.2676630914211273,
                -0.26117104291915894,
                -0.17524780333042145,
                -0.15748624503612518,
                -0.10523845255374908,
                -0.14351125061511993,
                -0.05023762211203575,
                0.04295773059129715,
                -0.025271663442254066,
                -0.2974010705947876,
                -0.17288373410701752,
                -0.04855761677026749,
                -0.02627289481461048,
                0.09074752777814865,
                -0.01751028187572956,
                -0.20273733139038086,
                -0.02677551843225956,
                -0.28981637954711914,
                -0.3124779462814331,
                0.06380655616521835,
                0.014660562388598919,
                -0.07543586194515228,
                -0.16748644411563873,
                -0.16296696662902832,
                0.1811414211988449,
                0.10948525369167328,
                0.10930181294679642,
                -0.016421576961874962
            ],
            "padding_mode": "zeros",
            "device": "N/A",
            "dtype": "N/A"
        }
    },
    "conv2": {
        "type": "Conv2d",
        "parameters": {
            "in_channels": 64,
            "out_channels": 128,
            "kernel_size": [
                3,
                3
            ],
            "stride": [
                1,
                1
            ],
            "padding": [
                1,
                1
            ],
            "dilation": [
                1,
                1
            ],
            "groups": 1,
            "bias": [
                -0.03589772433042526,
                -0.03122163563966751,
                -0.03928174450993538,
                -0.034612081944942474,
                -0.050037987530231476,
                -0.017193913459777832,
                0.0073135020211339,
                0.016209140419960022,
                -0.024194864556193352,
                -0.0586734302341938,
                -0.03912239521741867,
                -0.031903743743896484,
                -0.00030968920327723026,
                -0.021087445318698883,
                0.005357665475457907,
                -0.027823032811284065,
                -0.050516437739133835,
                -0.05125472694635391,
                -0.0339258573949337,
                -0.04099235311150551,
                -0.0525723434984684,
                0.004889300093054771,
                -0.04650010168552399,
                -0.04089992120862007,
                -0.0514141283929348,
                -0.012869516387581825,
                -0.014403508976101875,
                -0.012236773036420345,
                -0.027351219207048416,
                -0.014666132628917694,
                -0.014649341814219952,
                -0.05785759910941124,
                -0.03023531474173069,
                -0.003462843596935272,
                -0.04774869605898857,
                0.008375892415642738,
                -0.009787851013243198,
                -0.001891986932605505,
                -0.028443900868296623,
                -0.0366465300321579,
                -0.011107869446277618,
                0.0058540236204862595,
                -0.009161843918263912,
                0.022419694811105728,
                -0.05119016021490097,
                0.009595507755875587,
                -0.057302169501781464,
                -0.0386197455227375,
                0.02375674992799759,
                -0.05785799399018288,
                -0.018373342230916023,
                -0.009971779771149158,
                -0.023044366389513016,
                0.020275862887501717,
                -0.001171128824353218,
                -0.07072269171476364,
                -0.03397025540471077,
                -0.00556905334815383,
                -0.011512710712850094,
                -0.012658288702368736,
                0.01673073321580887,
                -0.031716715544462204,
                -0.010857531800866127,
                0.012184231542050838,
                0.010399836115539074,
                0.02528921328485012,
                0.003797689452767372,
                -0.003320512128993869,
                -0.050736408680677414,
                -0.006900382228195667,
                -0.024530816823244095,
                -0.06135760247707367,
                -0.04237217828631401,
                -0.030894441530108452,
                0.0173188503831625,
                -0.0640498474240303,
                -0.040557168424129486,
                -0.03916411101818085,
                0.001566959428600967,
                0.009328602813184261,
                -0.04557083174586296,
                -0.07036536186933517,
                -0.014454604126513004,
                -0.018736988306045532,
                -0.043307021260261536,
                -0.061982933431863785,
                -0.05603901669383049,
                0.010251683183014393,
                -0.01370735839009285,
                0.02686154656112194,
                -0.030800526961684227,
                0.017972303554415703,
                0.010881832800805569,
                0.0017417102353647351,
                -0.02658894844353199,
                -0.04672114551067352,
                -0.05330049619078636,
                -0.05021284893155098,
                -0.007531913463026285,
                -0.008307413198053837,
                -0.029495300725102425,
                -0.04989621415734291,
                -0.008461073972284794,
                0.019729724153876305,
                -0.03550045192241669,
                0.009631498716771603,
                -0.023783814162015915,
                -0.028894023969769478,
                -0.0006687822169624269,
                -0.06580812484025955,
                -0.04739978164434433,
                -0.04654761403799057,
                -0.038520168513059616,
                -0.00035187570028938353,
                -0.0024751415476202965,
                -0.0115664629265666,
